{"cameraMode":{"drawMode":0,"name":"Shaded","section":"Shading Mode"},"sceneLighting":false,"audioPlay":false,"sceneViewState":{"m_AlwaysRefresh":false,"showFog":true,"showSkybox":false,"showFlares":true,"showImageEffects":true,"showParticleSystems":true,"showVisualEffectGraphs":true,"m_FxEnabled":true},"in2DMode":false,"pivot":{"x":-0.03511180356144905,"y":0.12547515332698823,"z":-0.6421581506729126},"rotation":{"x":-0.13846993446350099,"y":0.06323698908090592,"z":-0.008851584978401661,"w":-0.9883223176002502},"size":0.14692163467407227,"orthographic":false}