{"cameraMode":{"drawMode":0,"name":"Shaded","section":"Shading Mode"},"sceneLighting":true,"audioPlay":false,"sceneViewState":{"m_AlwaysRefresh":false,"showFog":true,"showSkybox":true,"showFlares":true,"showImageEffects":true,"showParticleSystems":true,"showVisualEffectGraphs":true,"m_FxEnabled":true},"in2DMode":false,"pivot":{"x":2.7932846546173097,"y":2.2069461345672609,"z":-2.869410753250122},"rotation":{"x":-0.0014570850180462003,"y":0.9919921159744263,"z":-0.12596887350082398,"w":-0.011607160791754723},"size":4.511443614959717,"orthographic":false}