{"cameraMode":{"drawMode":0,"name":"Shaded","section":"Shading Mode"},"sceneLighting":true,"audioPlay":false,"sceneViewState":{"m_AlwaysRefresh":false,"showFog":true,"showSkybox":true,"showFlares":true,"showImageEffects":true,"showParticleSystems":true,"showVisualEffectGraphs":true,"m_FxEnabled":true},"in2DMode":false,"pivot":{"x":0.3394843339920044,"y":0.1296856701374054,"z":0.061010897159576419},"rotation":{"x":0.16131100058555604,"y":0.059174664318561557,"z":-0.009670746512711048,"w":0.9850978851318359},"size":0.3437340557575226,"orthographic":false}